ID,Answer
10,0
12,0
14,0
17,0
25,0
26,0
41,0
54,0
56,0
61,0
68,0
78,0
83,0
87,0
90,1
98,0
106,0
113,1
118,1
126,0
127,0
137,0
139,0
142,0
146,0
149,0
153,0
154,0
156,0
160,1
162,0
163,0
164,0
166,0
167,0
175,0
187,0
188,1
190,1
191,0
193,0
194,0
196,0
198,0
202,0
203,0
204,0
205,0
207,0
208,0
214,0
216,0
227,0
235,0
236,0
237,0
239,0
259,0
270,1
272,0
277,0
282,0
283,0
295,0
302,0
303,0
337,0
339,0
341,0
343,0
353,0
359,0
363,1
365,0
366,0
375,0
385,0
387,0
390,0
392,0
393,0
405,1
407,0
413,0
418,0
420,0
437,0
442,0
443,0
447,0
459,0
476,0
482,0
489,0
490,0
493,0
503,0
505,0
509,0
515,0
523,0
526,0
527,0
530,0
540,0
542,0
546,0
553,0
558,0
561,0
570,0
571,0
572,0
573,0
588,0
594,0
598,0
613,0
615,0
620,0
629,0
630,0
631,0
633,0
635,0
646,0
651,0
662,0
664,0
667,0
668,0
671,0
672,0
681,0
686,0
688,0
690,0
691,0
699,0
700,0
718,0
720,0
727,0
729,0
768,0
769,0
770,0
772,0
779,0
781,0
782,0
785,0
786,0
794,0
805,0
807,0
815,0
817,1
823,0
824,0
828,0
831,0
846,0
847,0
852,0
854,0
855,0
856,0
858,1
860,0
861,0
862,0
870,0
877,0
883,0
888,0
893,0
895,0
898,1
900,0
911,1
918,0
920,0
923,0
924,0
930,0
936,0
952,0
955,0
956,0
957,0
969,0
975,0
988,0
989,0
996,0
1000,1
1001,0
1008,0
1014,0
1015,0
1016,0
1017,0
1020,0
1022,0
1059,0
1060,1
1061,0
1063,0
1073,0
1081,0
1082,0
1089,0
1090,0
1094,1
1099,0
1103,0
1105,0
1106,0
1117,0
1121,0
1126,0
1133,1
1135,0
1137,0
1138,0
1141,0
1142,0
1151,0
1152,0
1155,0
1166,0
1168,0
1170,0
1172,0
1178,0
1197,0
1201,0
1208,0
1215,0
1219,0
1229,0
1230,0
1231,0
1240,0
1241,0
1249,0
1253,0
1263,0
1268,0
1272,0
1280,0
1284,0
1287,0
1290,0
1297,0
1301,1
1305,0
1307,0
1308,0
1313,0
1317,0
1320,0
1325,0
1342,0
1343,0
1354,0
1362,0
1364,0
1368,0
1377,0
1379,0
1381,0
1382,0
1383,0
1390,0
1402,0
1404,0
1410,0
1425,0
1429,1
1432,1
1436,1
1446,1
1448,0
1461,1
1482,0
1493,1
1501,0
1518,1
1519,1
1520,0
1525,0
1530,0
1532,0
1539,0
1543,0
1547,0
1550,0
1552,0
1557,0
1561,0
1582,0
1586,0
1590,0
1592,0
1606,0
1608,0
1620,0
1623,0
1626,1
1628,0
1629,1
1630,0
1631,0
1634,0
1637,0
1638,1
1639,0
1646,0
1647,0
1652,0
1668,0
1674,0
1679,0
1680,0
1683,0
1686,0
1696,0
1697,0
1701,0
1709,0
1725,0
1728,0
1734,0
1735,0
1736,0
1743,0
1751,0
1754,0
1758,0
1760,0
1762,0
1763,0
1764,0
1773,0
1775,0
1779,0
1793,0
1799,0
1803,0
1811,0
1814,0
1817,0
1820,0
1824,0
1827,0
1829,0
1843,0
1853,0
1855,0
1856,0
1857,0
1864,0
1869,1
1876,0
1882,1
1893,0
1896,0
1899,0
1900,0
1907,0
1908,0
1909,1
1914,0
1915,0
1918,0
1921,0
1926,0
1931,0
1932,0
1933,0
1934,0
1937,0
1940,0
1943,0
1949,0
1959,0
1961,1
1970,0
1971,0
1975,0
1981,0
1987,0
1989,1
1991,0
1994,0
1999,0
2006,0
2008,0
2012,0
2015,0
2024,0
2028,0
2033,0
2034,0
2045,0
2049,0
2050,0
2051,1
2065,0
2072,1
2080,0
2083,0
2093,0
2094,0
2097,0
2098,0
2101,0
2104,0
2105,0
2106,0
2107,0
2114,0
2117,0
2121,0
2126,0
2138,0
2140,0
2144,1
2152,0
2159,0
2160,0
2170,0
2177,0
2180,0
2188,0
2191,0
2193,0
2194,0
2197,0
2199,0
2201,0
2205,0
2218,0
2220,0
2225,0
2231,0
2243,0
2244,1
2258,0
2262,0
2279,1
2283,0
2286,0
2290,0
2293,1
2295,0
2296,0
2308,0
2328,0
2331,0
2337,0
2344,0
2353,0
2354,0
2357,0
2366,0
2369,0
2377,0
2379,0
2383,0
2385,0
2386,0
2397,0
2412,0
2422,1
2425,0
2427,0
2428,0
2429,0
2431,0
2434,0
2438,1
2441,0
2444,0
2452,0
2455,0
2462,1
2469,0
2470,0
2473,0
2476,0
2480,0
2483,0
2490,0
2491,0
2492,0
2495,0
2503,0
2521,0
2525,0
2531,0
2536,0
2540,0
2552,0
2556,0
2558,1
2564,0
2569,0
2574,0
2582,0
2591,0
2592,0
2598,0
2600,0
2601,0
2611,0
2613,0
2619,0
2633,0
2643,0
2644,0
2659,0
2660,1
2661,0
2666,0
2668,0
2669,0
2675,0
2691,0
2694,0
2696,0
2701,0
2709,0
2712,0
2718,0
2720,0
2721,0
2736,0
2739,0
2746,0
2748,0
2750,0
2758,0
2762,0
2764,0
2776,0
2780,0
2781,0
2788,0
2801,0
2809,0
2812,0
2818,1
2828,0
2829,0
2833,0
2840,0
2845,0
2850,0
2851,0
2853,1
2855,1
2864,0
2867,0
2870,0
2872,0
2876,0
2891,0
2892,0
2896,0
2912,0
2915,0
2921,0
2943,0
2952,0
2962,0
2963,0
2965,0
2968,0
2970,0
2973,0
2976,0
2984,0
2986,0
2990,0
2995,0
3005,0
3006,0
3010,1
3021,1
3029,0
3041,1
3042,0
3052,0
3053,0
3055,0
3068,0
3073,0
3075,0
3082,0
3084,0
3087,1
3094,1
3104,0
3113,0
3130,0
3135,0
3136,0
3138,0
3142,0
3153,0
3156,0
3164,0
3168,0
3174,0
3179,1
3181,0
3187,1
3192,0
3217,1
3225,0
3226,0
3229,0
3237,0
3250,0
3253,0
3254,0
3256,0
3260,0
3263,0
3267,0
3268,0
3274,0
3279,0
3292,1
3293,0
3295,0
3301,0
3305,0
3307,0
3312,0
3314,0
3322,0
3328,0
3331,0
3343,0
3344,0
3349,0
3357,0
3362,0
3364,0
3369,0
3374,0
3375,0
3381,0
3385,0
3390,1
3391,0
3392,0
3409,0
3415,0
3418,0
3420,0
3421,0
3424,0
3431,0
3437,0
3440,0
3441,0
3445,0
3451,0
3453,0
3454,0
3457,0
3472,0
3477,0
3491,0
3501,1
3507,0
3517,0
3522,0
3531,0
3537,0
3552,0
3553,0
3554,0
3555,0
3557,0
3562,1
3565,0
3569,0
3584,1
3587,0
3597,1
3601,0
3607,0
3611,0
3628,0
3630,0
3631,0
3632,0
3637,0
3641,1
3643,0
3645,1
3646,0
3649,0
3655,0
3665,0
3668,0
3677,0
3684,0
3688,0
3697,0
3701,0
3702,0
3710,0
3713,0
3714,0
3717,0
3720,0
3727,0
3728,0
3732,0
3739,0
3742,0
3745,0
3749,0
3751,0
3755,0
3757,0
3761,0
3763,0
3765,0
3766,0
3798,0
3803,0
3806,0
3808,0
3809,0
3811,0
3813,0
3815,0
3817,0
3819,0
3826,0
3829,0
3831,0
3833,0
3840,1
3842,0
3850,0
3851,0
3864,0
3865,0
3867,1
3869,0
3891,0
3894,0
3901,0
3907,0
3912,0
3914,0
3916,0
3928,0
3936,1
3944,0
3960,0
3968,0
3969,0
3971,0
3973,0
3984,0
3988,0
3999,1
4001,0
4010,0
4015,0
4018,0
4019,0
4021,0
4026,0
4034,0
4080,0
4083,0
4089,0
4091,0
4108,0
4109,0
4110,0
4115,0
4118,0
4132,0
4134,0
4135,0
4136,1
4139,0
4143,0
4146,0
4147,0
4159,0
4165,0
4168,0
4172,0
4173,0
4174,0
4178,0
4189,0
4196,0
4209,1
4213,0
4214,0
4215,0
4233,0
4235,0
4237,0
4244,0
4250,0
4252,0
4256,0
4264,0
4277,0
4284,0
4288,0
4298,0
4301,0
4313,0
4325,0
4331,1
4332,0
4335,0
4347,0
4358,0
4359,0
4361,0
4362,0
4364,0
4371,0
4379,1
4381,0
4390,0
4391,0
4397,0
4407,0
4426,0
4427,0
4431,0
4432,0
4433,1
4435,0
4438,0
4441,0
4444,0
4445,1
4452,0
4453,0
4459,0
4461,0
4466,0
4471,0
4479,0
4482,0
4492,0
4493,1
4494,0
4495,0
4496,0
4498,0
4500,0
4508,1
4518,0
4524,0
4530,0
4532,0
4539,0
4544,0
4545,0
4556,1
4558,0
4560,0
4567,0
4579,0
4584,1
4595,0
4600,0
4612,0
4613,0
4616,0
4617,0
4622,0
4628,0
4629,0
4633,0
4638,0
4643,0
4645,0
4649,0
4651,0
4653,0
4659,0
4663,0
4667,0
4670,0
4671,0
4674,1
4676,0
4698,0
4704,0
4714,0
4720,0
4728,0
4729,0
4730,0
4734,0
4736,0
4737,0
4738,0
4749,0
4758,0
4761,0
4762,0
4770,1
4777,0
4778,0
4781,0
4791,0
4796,0
4797,0
4799,0
4800,0
4805,0
4806,0
4807,0
4810,0
4821,0
4832,0
4836,0
4838,0
4842,0
4847,0
4854,0
4855,0
4856,0
4858,0
4859,0
4874,0
4876,0
4883,1
4887,0
4893,0
4896,0
4911,0
4913,0
4918,1
4921,0
4928,0
4932,0
4934,0
4938,0
4941,0
4944,0
4945,0
4946,0
4947,0
4957,0
4959,0
4965,0
4968,0
4972,0
4977,0
4987,0
4988,0
4995,0
4997,0
4998,0
4999,0
5005,0
5011,0
5017,0
5018,0
5022,0
5030,0
5037,0
5040,0
5052,0
5053,0
5055,0
5056,0
5057,1
5058,0
5074,0
5075,0
5076,0
5079,1
5085,1
5086,0
5094,0
5098,0
5104,0
5105,0
5106,0
5110,0
5111,0
5120,0
5123,0
5125,0
5127,0
5133,0
5137,1
5142,0
5163,0
5178,1
5179,0
5180,0
5186,0
5190,0
5209,0
5214,0
5224,1
5233,0
5234,1
5238,0
5239,0
5241,0
5243,1
5244,0
5250,0
5252,0
5257,0
5259,0
5277,0
5284,0
5286,0
5288,0
5296,0
5300,0
5302,0
5308,0
5311,0
5312,0
5320,0
5321,0
5331,0
5335,0
5343,0
5348,0
5356,0
5367,0
5371,0
5374,0
5375,0
5388,0
5391,1
5396,0
5409,0
5411,0
5416,0
5424,0
5430,0
5433,0
5434,0
5436,0
5440,1
5443,0
5444,0
5446,0
5448,0
5449,0
5451,0
5452,0
5458,1
5463,0
5464,0
5470,0
5476,0
5477,1
5483,0
5487,0
5489,0
5491,0
5496,0
5499,0
5510,0
5511,0
5521,0
5531,0
5537,0
5540,0
5543,1
5547,0
5553,0
5559,0
5561,0
5566,0
5570,0
5572,1
5575,0
5586,0
5589,0
5591,0
5593,1
5601,1
5619,0
5620,0
5623,0
5625,0
5627,0
5629,1
5634,0
5635,0
5638,0
5645,0
5646,0
5656,0
5657,0
5661,0
5662,0
5669,0
5670,1
5676,0
5687,0
5691,0
5694,0
5695,0
5700,0
5705,0
5711,0
5714,1
5723,0
5725,1
5727,1
5739,0
5742,0
5745,0
5746,0
5751,1
5753,0
5756,0
5758,0
5760,0
5773,0
5775,0
5777,0
5780,0
5783,0
5789,0
5792,0
5794,0
5798,0
5802,0
5809,0
5811,0
5819,0
5828,0
5833,0
5843,0
5846,1
5851,0
5856,0
5868,0
5871,0
5879,0
5882,0
5890,0
5892,0
5893,0
5896,0
5902,0
5907,0
5908,1
5927,0
5940,0
5942,0
5945,0
5947,0
5950,0
5952,0
5960,0
5979,0
5985,0
5987,0
5989,0
5990,0
5992,0
5998,0
6013,0
6020,1
6032,0
6034,0
6043,0
6044,0
6047,0
6060,0
6080,0
6083,0
6091,0
6094,0
6095,0
6100,0
6103,0
6117,0
6122,1
6123,0
6130,1
6140,0
6141,0
6143,0
6151,0
6155,0
6156,0
6161,0
6169,0
6172,0
6173,0
6184,0
6185,0
6191,0
6208,0
6220,0
6230,0
6234,0
6237,0
6239,0
6252,0
6255,0
6257,0
6262,0
6263,0
6266,0
6270,0
6273,0
6277,0
6284,0
6289,0
6295,0
6296,0
6297,0
6298,0
6304,0
6305,0
6314,0
6315,0
6318,0
6319,1
6332,0
6337,0
6338,0
6343,0
6345,1
6354,0
6360,0
6362,1
6369,0
6371,1
6372,0
6375,0
6377,0
6397,0
6398,0
6407,0
6411,0
6412,0
6417,1
6421,0
6427,1
6431,0
6433,0
6440,0
6442,0
6446,0
6447,0
6451,0
6457,0
6466,0
6470,0
6472,0
6475,0
6477,0
6489,0
6494,0
6512,0
6515,0
6520,0
6531,0
6540,0
6541,1
6543,0
6547,0
6549,0
6556,0
6564,0
6565,0
6566,0
6571,0
6574,0
6582,1
6583,1
6586,0
6588,0
6589,0
6592,0
6611,0
6615,0
6617,0
6624,0
6630,1
6639,0
6641,0
6643,0
6644,0
6645,0
6646,0
6653,0
6656,0
6676,0
6697,0
6702,0
6705,0
6711,0
6717,0
6719,0
6722,0
6723,0
6732,0
6737,0
6738,0
6739,0
6765,0
6768,0
6774,0
6775,0
6777,0
6784,0
6797,0
6800,0
6802,0
6808,0
6810,0
6812,0
6817,0
6820,0
6824,0
6834,0
6838,0
6839,1
6853,0
6856,0
6860,0
6874,0
6882,0
6883,0
6894,1
6895,1
6899,0
6902,0
6906,1
6911,0
6918,1
6925,0
6939,0
6942,0
6944,0
6950,0
6954,0
6961,0
6967,0
6969,0
6971,0
6972,0
6973,0
6980,0
6981,0
6982,0
6983,0
6989,0
6990,0
6991,0
6997,0
7006,0
7007,0
7010,0
7011,0
7012,0
7017,0
7023,1
7032,0
7042,0
7044,0
7053,0
7057,1
7058,0
7060,1
7065,0
7070,0
7080,0
7082,0
7083,0
7084,0
7085,0
7097,0
7100,0
7107,0
7115,0
7120,0
7123,0
7124,0
7125,0
7129,0
7134,0
7138,1
7148,0
7152,0
7155,1
7157,0
7159,0
7163,1
7166,0
7167,0
7180,0
7184,0
7185,0
7187,0
7191,0
7194,0
7197,0
7207,0
7209,0
7215,0
7219,0
7227,0
7228,0
7231,0
7240,0
7244,0
7254,0
7264,0
7267,1
7270,0
7275,0
7288,0
7292,1
7296,0
7297,0
7312,0
7313,0
7315,0
7324,0
7341,0
7344,0
7346,0
7351,0
7353,0
7356,0
7358,0
7369,1
7374,0
7375,0
7383,0
7391,0
7393,0
7395,1
7401,0
7405,0
7416,0
7419,0
7422,0
7425,0
7427,0
7430,0
7447,0
7456,0
7462,0
7481,1
7484,0
7486,0
7492,0
7495,0
7520,0
7522,0
7527,0
7532,1
7544,0
7545,0
7561,1
7562,0
7565,0
7575,0
7578,0
7588,0
7596,0
7598,0
7605,0
7611,0
7612,0
7618,0
7619,0
7620,0
7623,0
7630,0
7644,0
7652,0
7658,0
7660,1
7674,0
7675,0
7680,1
7685,0
7693,1
7694,0
7698,0
7711,0
7716,0
7719,0
7737,0
7738,0
7743,0
7759,0
7762,0
7778,0
7779,0
7784,0
7789,1
7805,0
7806,0
7813,0
7814,0
7816,0
7818,0
7819,0
7824,0
7830,0
7833,0
7836,0
7844,0
7847,0
7849,0
7852,0
7864,0
7867,0
7897,0
7907,0
7910,0
7928,0
7930,0
7936,0
7942,0
7944,0
7951,0
7958,0
7968,0
7971,0
7974,0
7980,0
7985,0
7988,1
7990,0
7993,1
7994,0
7995,0
7997,0
8000,0
8003,0
8004,0
8005,0
8007,0
8008,0
8017,0
8018,0
8025,0
8027,0
8037,0
8039,0
8042,1
8051,0
8054,0
8069,0
8071,0
8074,0
8079,0
8081,0
8097,0
8111,1
8113,0
8121,0
8126,0
8131,0
8134,0
8151,0
8153,0
8156,0
8161,0
8163,0
8173,0
8174,0
8176,0
8180,0
8190,0
8200,0
8203,1
8209,0
8211,0
8225,0
8227,0
8229,0
8231,1
8235,0
8236,0
8245,0
8246,0
8253,0
8259,0
8260,0
8264,0
8265,0
8276,0
8278,0
8287,0
8306,0
8308,0
8309,0
8312,0
8313,0
8316,0
8322,0
8323,0
8326,0
8327,0
8329,0
8330,0
8334,0
8336,0
8339,0
8357,0
8358,0
8364,0
8368,0
8386,0
8390,0
8393,0
8398,0
8400,0
8416,0
8418,0
8428,0
8429,0
8430,0
8434,0
8437,0
8439,0
8449,0
8462,0
8468,1
8473,0
8476,0
8491,0
8492,0
8503,0
8513,0
8520,0
8530,0
8534,0
8536,0
8548,0
8549,0
8550,0
8554,0
8556,0
8557,0
8561,0
8567,0
8568,0
8572,0
8578,0
8579,0
8581,0
8593,1
8596,0
8598,0
8602,0
8606,0
8634,0
8637,0
8641,0
8647,0
8653,0
8657,1
8660,0
8663,0
8667,0
8681,0
8683,0
8691,0
8692,0
8703,0
8706,0
8707,0
8708,0
8712,0
8713,0
8717,0
8718,0
8735,0
8753,0
8755,0
8756,0
8768,0
8771,0
8783,0
8784,0
8788,0
8793,0
8796,0
8801,0
8809,0
8812,0
8821,0
8838,0
8839,0
8842,0
8854,0
8860,0
8885,0
8895,0
8906,1
8907,0
8913,0
8921,0
8922,0
8925,0
8928,0
8934,0
8943,0
8947,0
8965,0
8985,0
8988,0
8997,0
9006,0
9008,0
9012,0
9014,0
9018,1
9019,0
9029,0
9032,1
9033,0
9047,0
9065,0
9066,0
9068,0
9075,1
9077,0
9078,0
9079,0
9084,0
9088,0
9095,0
9102,0
9106,0
9107,0
9109,0
9111,1
9112,0
9123,0
9128,0
9131,0
9132,0
9136,0
9147,1
9152,0
9156,0
9161,0
9169,0
9172,0
9178,0
9182,0
9185,0
9201,0
9204,0
9205,0
9207,0
9208,0
9209,0
9219,0
9224,0
9228,1
9236,0
9257,0
9269,0
9276,0
9278,0
9281,0
9284,0
9289,0
9303,0
9307,0
9311,0
9313,0
9324,0
9325,0
9334,0
9338,0
9340,0
9343,0
9347,0
9349,0
9360,0
9370,0
9371,0
9375,0
9389,0
9429,0
9430,0
9436,0
9440,0
9447,0
9448,0
9462,0
9472,0
9473,0
9475,0
9487,0
9494,0
9497,0
9500,0
9504,1
9511,0
9517,0
9519,0
9520,0
9522,1
9524,0
9525,0
9529,0
9541,0
9551,1
9557,0
9558,0
9570,0
9577,0
9581,0
9584,1
9588,0
9589,0
9592,0
9597,0
9601,0
9638,0
9642,0
9650,0
9651,1
9655,0
9663,0
9668,0
9687,0
9690,0
9693,0
9701,0
9715,1
9716,0
9733,1
9739,0
9742,0
9745,0
9753,0
9763,0
9765,0
9766,0
9767,0
9769,0
9785,0
9789,0
9790,0
9795,0
9796,0
9798,0
9803,0
9814,0
9818,0
9822,1
9824,0
9833,1
9834,0
9837,0
9848,0
9853,0
9861,0
9866,0
9867,0
9868,0
9874,0
9875,0
9880,0
9883,0
9885,0
9886,0
9901,0
9904,0
9908,0
9909,0
9912,0
9915,0
9916,0
9917,0
9918,0
9942,0
9945,0
9950,1
9952,0
9957,0
9960,0
9969,0
9985,0
9992,0
9997,0
10007,0
10015,0
10016,0
10021,0
10029,0
10041,0
10048,0
10054,0
10056,0
10059,0
10061,0
10067,0
10071,0
10078,0
10082,0
10089,0
10094,0
10097,0
10103,1
10104,0
10107,0
10113,0
10124,0
10136,0
10137,0
10143,1
10146,0
10148,0
10151,0
10161,0
10162,0
10166,0
10168,0
10174,0
10177,0
10178,0
10179,0
10180,0
10182,0
10184,0
10189,0
10196,0
10198,0
10208,0
10210,0
10212,0
10214,0
10223,0
10226,0
10231,1
10234,0
10239,0
10249,0
10254,0
10259,0
10268,0
10272,0
10279,0
10289,0
10294,0
10296,0
10315,0
10321,0
10327,0
10333,0
10336,0
10341,0
10344,0
10345,0
10346,0
10351,0
10358,0
10362,0
10381,0
10383,0
10396,0
10397,0
10404,0
10410,0
10411,0
10413,0
10427,0
10434,0
10443,0
10450,0
10452,0
10454,0
10458,0
10474,0
10479,0
10486,0
10488,0
10489,0
10493,0
10504,0
10517,0
10518,0
10519,0
10522,1
10527,0
10532,0
10536,0
10540,1
10542,0
10553,0
10555,0
10556,0
10559,0
10562,0
10569,0
10577,0
10579,0
10583,0
10588,0
10590,0
10593,0
10594,0
10596,0
10602,0
10603,0
10617,0
10618,0
10626,0
10627,0
10628,0
10635,0
10637,0
10641,0
10643,0
10648,0
10652,0
10656,0
10660,0
10675,0
10678,0
10683,0
10686,0
10693,0
10694,0
10696,1
10699,0
10700,0
10702,1
10705,0
10707,0
10717,0
10718,0
10721,0
10725,0
10729,1
10730,0
10737,0
10739,0
10745,1
10746,0
10749,0
10750,0
10752,0
10755,0
10757,1
10758,0
10759,1
10760,0
10774,0
10776,1
10777,0
10786,0
10788,0
10790,0
10794,0
10800,0
10801,0
10806,0
10809,0
10817,0
10818,0
10823,1
10826,0
10829,0
10832,0
10838,0
10848,0
10850,0
10852,0
10859,0
10861,0
10875,0
10879,0
10887,0
10894,0
10897,0
10901,0
10914,0
10917,0
10922,0
10923,0
10955,0
10965,0
10966,0
10967,0
10974,0
10976,0
10984,0
10986,0
10997,0
10999,0
11002,0
11003,0
11004,0
11006,0
11017,0
11023,0
11024,0
11031,0
11034,0
11036,0
11047,0
11054,0
11065,0
11066,0
11070,0
11084,0
11085,0
11088,0
11089,0
11094,0
11095,0
11102,0
11105,1
11109,0
11112,0
11117,0
11121,0
11123,0
11129,0
11131,0
11139,0
11152,1
11155,0
11157,0
11158,0
11165,0
11167,1
11169,0
11170,0
11172,0
11173,0
11174,0
11175,0
11182,0
11183,0
11186,0
11187,0
11191,0
11206,0
11208,0
11235,0
11241,0
11247,0
11253,0
11255,0
11261,0
11262,0
11272,0
11281,0
11282,0
11285,0
11297,0
11303,0
11304,0
11309,0
11311,0
11313,0
11315,0
11329,0
11330,0
11337,0
11339,0
11345,0
11350,0
11363,0
11364,0
11372,0
11373,0
11382,0
11383,0
11384,0
11391,0
11395,0
11398,0
11408,0
11412,0
11414,0
11422,0
11426,0
11432,0
11436,0
11440,0
11443,1
11448,0
11471,0
11474,0
11476,0
11478,0
11480,0
11484,0
11486,1
11487,0
11494,0
11495,0
11511,1
11516,0
11517,1
11529,0
11531,0
11532,0
11535,0
11537,0
11544,0
11547,0
11556,0
11557,0
11560,0
11562,0
11564,0
11566,0
11578,0
11581,0
11590,0
11591,0
11594,0
11596,0
11600,0
11614,0
11619,0
11638,0
11640,0
11642,1
11646,0
11650,0
11654,0
11658,0
11665,0
11668,0
11670,0
11677,0
11684,0
11685,0
11692,0
11693,0
11695,0
11696,0
11701,0
11705,1
11706,1
11708,0
11714,0
11715,0
11719,0
11723,0
11738,0
11739,1
11740,1
11746,0
11749,0
11750,0
11755,0
11756,0
11758,0
11764,0
11768,0
11775,0
11778,0
11780,0
11788,0
11802,0
11804,0
11815,0
11822,0
11825,0
11827,0
11830,1
11835,0
11836,0
11838,1
11850,0
11852,0
11856,1
11862,0
11866,0
11868,0
11871,0
11872,0
11874,1
11875,1
11890,0
11895,0
11906,0
11909,0
11917,0
11919,0
11923,0
11928,0
11930,0
11939,0
11940,0
11945,0
11949,0
11950,0
11951,0
11952,0
11955,0
11957,0
11965,0
11970,0
11971,0
11972,0
11990,0
11993,0
11997,0
12000,0
12002,0
12004,0
12014,0
12016,0
12022,1
12032,0
12040,0
12041,0
12044,0
12046,0
12047,0
12049,0
12058,0
12068,0
12076,0
12081,0
12088,0
12090,0
12092,0
12097,0
12101,0
12110,0
12113,0
12116,0
12128,0
12131,0
12133,0
12145,0
12146,0
12150,0
12151,0
12156,0
12159,0
12162,0
12169,0
12174,0
12175,0
12176,0
12179,0
12181,0
12183,0
12184,0
12186,0
12193,0
12198,0
12200,0
12202,0
12207,1
12208,0
12209,0
12220,0
12227,0
12233,0
12235,0
12237,0
12238,1
12250,0
12252,0
12254,0
12255,0
12259,0
12261,1
12266,0
12276,0
12279,0
12290,0
12298,1
12299,0
12307,0
12313,0
12317,0
12324,0
12328,0
12329,0
12330,0
12331,0
12337,0
12338,0
12339,0
12343,0
12346,1
12356,0
12357,0
12361,0
12374,0
12381,0
12384,0
12392,1
12395,0
12412,0
12414,0
12416,0
12419,0
12425,0
12449,0
12450,0
12453,0
12454,0
12465,0
12467,0
12469,1
12474,0
12475,0
12486,0
12498,0
12501,0
12503,0
12505,0
12509,0
12513,0
12534,0
12542,1
12577,1
12583,0
12584,0
12589,1
12593,1
12596,0
12601,0
12603,0
12606,0
12608,0
12612,0
12626,0
12639,0
12641,0
12642,0
12648,0
12652,0
12653,0
12667,0
12677,0
12678,0
12683,0
12686,0
12687,0
12689,0
12694,0
12708,0
12714,0
12719,0
12722,0
12723,0
12729,0
12733,0
12738,0
12743,0
12744,0
12758,0
12764,0
12766,0
12769,0
12772,0
12773,0
12774,0
12776,0
12783,0
12791,0
12804,0
12809,0
12813,0
12817,0
12820,1
12821,0
12829,0
12836,0
12840,0
12852,0
12856,0
12858,0
12867,0
12868,0
12870,0
12872,0
12875,0
12876,0
12881,0
12890,0
12892,0
12904,0
12906,0
12911,0
12914,0
12925,1
12936,0
12942,0
12946,0
12947,1
12952,0
12967,1
12973,1
12976,0
12978,0
12983,0
12985,0
12988,0
12991,0
12992,0
12997,1
12998,1
13000,0
13007,0
13014,0
13026,0
13032,0
13033,0
13046,1
13047,0
13051,1
13052,0
13058,0
13066,0
13068,0
13071,0
13075,0
13077,0
13082,0
13088,0
13110,0
13117,0
13118,0
13122,0
13126,0
13128,0
13132,0
13141,0
13146,0
13147,0
13150,0
13157,0
13169,0
13172,0
13179,0
13184,0
13185,1
13193,0
13194,0
13201,0
13217,0
13222,0
13224,0
13225,0
13227,0
13231,0
13233,0
13235,0
13238,0
13240,0
13246,0
13259,0
13262,1
13270,0
13280,0
13282,0
13284,0
13285,0
13289,0
13297,0
13300,0
13319,0
13320,0
13324,0
13325,0
13332,0
13334,0
13342,0
13351,0
13365,0
13369,0
13380,0
13381,0
13384,0
13387,0
13393,0
13396,0
13400,0
13402,0
13404,0
13405,0
13408,0
13410,1
13412,0
13415,0
13418,0
13423,0
13429,0
13430,0
13441,1
13447,0
13451,1
13453,1
13456,0
13457,0
13468,0
13473,0
13480,1
13482,0
13490,0
13491,0
13494,0
13501,0
13504,0
13508,0
13517,0
13519,0
13520,0
13522,0
13528,0
13538,0
13546,0
13548,0
13551,0
13565,1
13566,0
13569,0
13576,1
13585,0
13597,0
13599,0
13606,1
13613,0
13616,0
13622,0
13623,0
13624,0
13630,0
13636,1
13646,0
13653,0
13655,0
13660,0
13670,0
13674,0
13676,0
13681,1
13687,0
13690,1
13704,0
13706,0
13712,1
13717,0
13719,0
13738,0
13747,0
13750,0
13753,0
13758,0
13761,0
13768,0
13773,1
13774,0
13775,0
13779,1
13791,0
13795,0
13804,0
13808,0
13809,0
13829,0
13833,0
13840,0
13844,0
13850,0
13852,0
13860,0
13861,0
13866,0
13870,0
13878,0
13879,0
13892,0
13894,0
13901,0
13908,0
13911,0
13914,0
13918,0
13919,0
13920,0
13924,0
13927,0
13931,0
13932,0
13938,0
13945,1
13947,1
13948,0
13950,0
13965,0
13966,0
13970,0
13971,0
13976,0
13980,0
13987,0
13993,0
13995,0
13998,1
13999,0
14006,0
14011,0
14026,0
14027,0
14028,0
14032,0
14037,0
14040,0
14043,0
14044,0
14052,0
14053,0
14057,0
14061,0
14063,1
14070,0
14073,0
14076,0
14080,0
14083,0
14084,0
14088,0
14090,0
14099,1
14110,0
14114,1
14115,0
14120,0
14123,0
14125,0
14126,0
14136,0
14139,0
14140,0
14141,0
14154,0
14163,0
14173,0
14179,0
14189,0
14192,0
14200,0
14204,0
14208,0
14209,0
14211,0
14212,0
14213,0
14216,0
14227,0
14232,0
14233,0
14244,0
14257,0
14258,0
14263,0
14270,0
14271,0
14278,0
14283,0
14287,0
14288,0
14289,1
14290,0
14292,0
14296,0
14297,0
14301,0
14309,0
14310,0
14319,0
14326,0
14335,0
14351,0
14358,0
14368,1
14370,0
14374,0
14377,1
14383,0
14386,0
14388,0
14389,0
14395,0
14398,1
14415,0
14423,0
14424,0
14425,0
14428,0
14431,0
14435,0
14438,0
14452,0
14454,0
14473,0
14474,0
14479,0
14483,0
14485,0
14487,0
14490,0
14502,0
14503,0
14513,0
14521,0
14524,0
14528,0
14532,0
14535,0
14537,0
14538,0
14542,1
14552,1
14553,0
14556,0
14560,0
14562,0
14563,1
14566,0
14567,1
14568,0
14572,0
14590,0
14595,0
14597,0
14600,0
14608,0
14610,0
14632,0
14639,0
14647,1
14664,0
14666,0
14672,0
14681,0
14684,0
14687,0
14689,0
14697,0
14716,0
14717,0
14722,0
14731,0
14744,0
14750,0
14756,0
14789,0
14795,0
14807,0
14819,0
14821,0
14822,0
14824,0
14825,1
14829,0
14838,0
14840,0
14847,0
14850,0
14853,0
14860,0
14869,0
14871,0
14872,0
14890,0
14891,0
14897,0
14900,0
14902,0
14909,0
14917,0
14925,0
14934,0
14940,0
14949,0
14950,0
14956,0
14974,1
14996,0
14997,0
15008,0
15021,0
15024,0
15035,0
15037,0
15038,0
15039,0
15043,0
15049,0
15062,0
15065,0
15070,0
15071,0
15073,0
15079,0
15084,0
15088,0
15089,1
15090,0
15094,0
15097,0
15107,0
15115,0
15126,0
15130,0
15141,0
15148,0
15150,0
15152,1
15153,0
15157,0
15159,0
15161,0
15167,0
15170,1
15178,0
15184,0
15194,0
15196,0
15201,1
15203,0
15207,0
15223,0
15224,0
15227,1
15229,0
15230,0
15234,0
15241,0
15247,0
15252,0
15254,0
15255,0
15262,0
15266,0
15272,0
15276,0
15283,0
15306,0
15310,0
15314,0
15318,0
15329,0
15339,0
15344,0
15347,0
15350,0
15353,0
15359,0
15361,0
15369,1
15370,0
15373,0
15374,0
15375,0
15380,0
15385,0
15386,0
15399,0
15408,0
15409,0
15418,0
15423,0
15433,0
15434,0
15435,0
15439,0
15442,0
15445,0
15450,0
15458,0
15464,0
15477,0
15486,0
15494,0
15505,0
15508,0
15513,1
15515,0
15516,0
15518,1
15521,0
15523,0
15524,0
15525,0
15526,0
15535,0
15553,0
15563,0
15564,1
15578,0
15586,1
15587,0
15588,0
15593,0
15597,0
15600,1
15601,0
15624,0
15628,0
15633,0
15636,0
15637,0
15639,0
15640,0
15642,0
15647,0
15650,0
15671,0
15675,0
15680,0
15687,0
15689,0
15708,0
15709,0
15711,0
15712,0
15716,0
15718,0
15722,0
15729,0
15736,0
15741,0
15744,0
15746,0
15748,0
15749,0
15752,1
15762,0
15769,0
15771,0
15776,0
15782,0
15788,0
15796,0
15797,0
15811,1
15813,0
15823,0
15827,1
15831,0
15837,0
15846,0
15849,0
15851,0
15877,0
15884,0
15888,0
15893,0
15897,0
15900,0
15902,0
15907,0
15914,0
15917,0
15921,0
15922,0
15925,0
15928,0
15935,0
15936,1
15942,1
15946,0
15951,0
15955,1
15980,0
15989,0
15991,0
15997,0
15998,0
15999,0
16002,0
16003,0
16010,0
16014,0
16015,0
16019,0
16020,0
16022,0
16024,0
16029,0
16030,0
16033,0
16035,0
16036,0
16045,0
16049,0
16053,1
16064,0
16078,0
16083,1
16087,0
16088,0
16094,0
16101,0
16104,0
16107,0
16128,0
16134,0
16141,0
16153,0
16155,1
16158,1
16164,0
16166,0
16171,0
16174,0
16185,0
16194,0
16195,0
16199,0
16200,0
16210,1
16212,0
16213,0
16217,0
16221,0
16231,0
16233,0
16238,1
16242,0
16245,0
16280,0
16281,0
16282,0
16283,0
16286,0
16289,0
16295,0
16300,0
16301,0
16310,1
16312,0
16313,0
16315,0
16323,0
16336,0
16337,0
16347,0
16348,0
16352,0
16354,0
16364,0
16365,0
16370,0
16371,0
16372,0
16377,1
16378,0
16379,0
16381,0
16386,0
16387,0
16389,0
16390,0
16391,0
16392,0
16394,0
16403,0
16406,0
16407,0
16423,0
16434,0
16437,0
16439,0
16447,0
16449,0
16457,0
16459,0
16463,0
16479,0
16483,0
16490,1
16500,0
16501,0
16510,0
16515,0
16518,1
16522,1
16524,0
16525,0
16531,0
16532,0
16539,0
16543,1
16545,0
16567,1
16576,0
16586,0
16590,0
16591,0
16609,0
16610,0
16611,0
16617,0
16626,1
16634,1
16640,0
16645,0
16647,0
16649,0
16654,0
16655,0
16662,0
16663,0
16670,0
16674,0
16679,0
16691,1
16692,0
16702,0
16714,1
16716,0
16725,0
16726,0
16730,0
16733,1
16744,0
16749,1
16750,0
16754,0
16755,0
16767,0
16768,0
16775,0
16780,0
16790,1
16808,0
16833,1
16836,0
16839,1
16844,0
16849,0
16851,0
16860,0
16867,0
16874,0
16897,0
16899,0
16902,0
16906,0
16908,0
16911,0
16914,0
16916,0
16921,0
16922,0
16924,0
16941,0
16944,0
16956,0
16959,0
16960,0
16965,0
16966,0
16968,0
16978,1
16981,0
16985,0
16987,0
16991,0
16995,1
16999,0
17000,0
17015,0
17016,1
17019,0
17020,0
17023,0
17029,0
17030,0
17031,0
17034,1
17043,0
17044,1
17045,0
17048,0
17054,0
17056,1
17059,0
17064,0
17070,1
17071,0
17072,0
17073,0
17074,0
17077,1
17080,0
17082,0
17083,0
17088,0
17092,0
17101,0
17102,0
17112,0
17145,0
17154,1
17155,1
17160,1
17161,0
17163,0
17176,0
17187,0
17201,0
17209,0
17210,0
17215,0
17217,0
17229,0
17248,1
17252,0
17259,0
17261,0
17263,0
17267,0
17276,0
17290,0
17295,1
17298,0
17302,0
17303,0
17305,0
17309,0
17313,0
17314,0
17318,0
17321,0
17328,0
17331,0
17333,0
17335,0
17338,0
17339,0
17341,0
17344,0
17348,0
17351,0
17357,0
17360,0
17365,0
17369,0
17371,0
17372,0
17374,0
17375,1
17376,0
17377,0
17397,0
17413,0
17414,1
17421,0
17422,0
17425,0
17430,0
17433,0
17435,0
17439,0
17448,0
17450,0
17451,0
17454,0
17457,0
17462,0
17479,0
17483,1
17485,1
17507,0
17509,0
17515,0
17520,0
17521,0
17523,0
17533,0
17544,0
17564,0
17569,0
17570,1
17576,0
17583,1
17587,0
17590,0
17603,0
17612,0
17619,0
17623,1
17626,1
17631,0
17634,0
17641,0
17642,0
17643,0
17650,1
17651,0
17659,0
17661,0
17675,0
17676,0
17678,0
17681,0
17686,0
17693,0
17710,0
17716,0
17718,0
17722,0
17723,0
17728,0
17733,0
17741,0
17749,0
17750,0
17762,1
17765,0
17771,0
17772,0
17773,0
17774,0
17775,1
17779,1
17807,1
17816,0
17824,1
17825,0
17827,0
17833,1
17834,0
17840,0
17845,1
17846,0
17851,0
17859,0
17861,1
17863,1
17869,0
17880,0
17882,0
17890,0
17902,0
17906,0
17909,1
17910,0
17911,0
17913,0
17916,1
17922,1
17925,1
17933,0
17940,0
17952,0
17956,0
17959,0
17962,0
17973,0
17989,1
18018,0
18020,1
18021,0
18024,0
18025,0
18031,0
18032,0
18033,0
18038,0
18046,0
18048,0
18049,0
18051,0
18053,0
18059,1
18061,0
18063,1
18071,0
18072,1
18074,1
18078,0
18089,0
18092,0
18094,0
18097,0
18100,1
18109,0
18118,0
18134,0
18136,1
18142,0
18147,0
18156,0
18157,0
18161,0
18164,0
18172,0
18173,0
18181,0
18185,0
18189,0
18194,1
18197,0
18200,0
18203,0
18208,0
18212,0
18214,0
18222,1
18223,0
18226,1
18228,1
18231,0
18234,0
18238,0
18242,1
18250,1
18258,0
18260,1
18264,0
18269,0
18272,1
18280,0
18285,0
18288,0
18291,0
18298,0
18310,0
18312,0
18314,0
18323,0
18331,0
18334,0
18344,0
18345,0
18352,1
18353,0
18355,0
18361,0
18376,1
18379,0
18381,0
18382,1
18384,0
18385,0
18395,0
18401,0
18411,0
18417,0
18426,0
18428,0
18429,0
18432,0
18436,0
18441,0
18445,0
18447,0
18450,0
18451,0
18453,0
18455,0
18459,0
18475,0
18486,0
18490,0
18505,0
18510,0
18515,1
18521,0
18526,0
18533,0
18538,0
18541,0
18545,0
18546,0
18547,0
18556,0
18557,0
18565,0
18575,0
18580,0
18588,0
18589,0
18590,0
18592,0
18602,0
18607,0
18620,0
18625,0
18627,0
18632,0
18640,0
18643,0
18644,0
18650,0
18659,1
18664,0
18678,0
18679,0
18682,0
18690,0
18692,1
18694,0
18707,1
18709,0
18711,0
18712,0
18731,0
18734,0
18740,0
18744,0
18746,0
18753,0
18754,0
18756,0
18768,0
18772,0
18778,0
18779,0
18788,0
18793,0
18794,0
18801,0
18804,0
18811,0
18815,0
18823,0
18845,0
18846,0
18851,0
18853,0
18864,0
18878,0
18881,0
18882,0
18889,0
18890,0
18896,0
18909,0
18914,0
18920,0
18923,0
18926,1
18932,0
18936,0
18940,0
18943,0
18945,0
18946,0
18950,0
18951,0
18952,1
18960,0
18966,0
18972,0
18978,0
18979,0
18989,1
18991,0
18992,1
18995,0
19002,0
19009,0
19019,0
19020,0
19030,1
19034,0
19046,0
19057,0
19064,0
19066,1
19072,0
19087,0
19088,1
19093,0
19097,0
19098,0
19104,0
19108,0
19110,0
19116,0
19118,0
19119,0
19121,0
19124,0
19125,0
19128,0
19129,0
19130,0
19137,0
19146,1
19150,0
19152,0
19153,0
19157,0
19158,0
19165,0
19167,0
19168,0
19170,0
19171,0
19174,0
19175,0
19177,0
19182,0
19188,0
19191,0
19195,0
19199,0
19202,0
19204,0
19207,1
19209,0
19213,1
19217,0
19219,0
19223,0
19224,0
19226,0
19234,0
19239,0
19251,0
19256,0
19257,0
19260,0
19263,0
19276,0
19281,0
19283,0
19289,0
19297,0
19300,0
19308,0
19316,1
19331,0
19334,0
19335,0
19338,0
19343,0
19346,0
19349,0
19357,0
19361,0
19363,0
19364,0
19375,0
19390,0
19393,0
19394,0
19405,0
19415,0
19421,0
19427,0
19431,0
19441,0
19447,0
19457,0
19458,0
19460,0
19466,0
19478,0
19482,0
19484,0
19489,1
19493,0
19494,0
19502,0
19504,0
19509,0
19521,1
19523,1
19529,0
19532,0
19540,0
19541,0
19542,0
19547,0
19553,0
19555,0
19556,0
19558,0
19559,0
19560,0
19562,0
19564,0
19568,0
19577,0
19582,0
19583,0
19584,0
19585,0
19596,1
19597,0
19601,0
19605,0
19608,0
19611,0
19612,0
19615,0
19622,1
19624,0
19625,0
19626,0
19627,0
19628,0
19643,0
19644,0
19656,0
19658,0
19661,0
19662,0
19676,0
19679,0
19687,1
19695,0
19703,0
19709,0
19711,0
19712,1
19716,0
19720,0
19725,0
19730,0
19739,0
19745,0
19759,0
19761,0
19770,0
19779,0
19791,0
19800,0
19801,0
19811,0
19812,0
19817,0
19831,0
19836,0
19841,0
19847,0
19851,0
19857,0
19868,0
19871,0
19874,0
19875,0
19878,0
19881,0
19889,0
19890,0
19892,0
19895,0
19896,0
19901,0
19902,0
19910,0
19915,0
19916,0
19922,0
19924,0
19934,0
19943,0
19945,0
19946,0
19957,0
19964,0
19966,0
19969,0
19976,0
19979,0
19983,1
19989,1
19992,0
19995,0
19997,0
20004,0
20013,0
20014,0
20018,0
20021,0
20022,0
20023,0
20026,0
20029,0
20030,0
20040,0
20048,0
20050,0
20055,0
20057,0
20059,0
20060,0
20075,0
20080,0
20081,0
20084,0
20086,0
20094,0
20096,0
20099,0
20103,0
20104,0
20107,0
20110,0
20115,0
20120,0
20121,0
20125,0
20126,0
20128,0
20129,0
20132,0
20133,0
20144,0
20145,0
20148,0
20149,1
20151,0
20154,0
20160,0
20163,0
20171,0
20173,0
20177,0
20181,0
20186,0
20187,0
20196,0
20209,0
20213,0
20216,0
20220,0
20224,0
20225,1
20228,0
20230,0
20235,0
20239,1
20241,0
20252,0
20259,0
20260,0
20261,0
20267,1
20278,0
20282,1
20286,0
20289,0
20305,0
20307,0
20308,0
20310,0
20311,0
20314,0
20315,0
20325,0
20332,0
20336,1
20338,1
20350,1
20355,0
20359,0
20361,0
20378,0
20385,1
20390,0
20393,0
20394,0
20406,0
20412,0
20418,0
20421,0
20422,0
20446,0
20448,0
20453,0
20455,0
20457,0
20464,0
20467,0
20492,0
20501,0
20502,0
20505,0
20509,0
20520,0
20528,0
20531,0
20535,0
20537,0
20539,0
20545,0
20560,1
20562,0
20563,0
20564,0
20568,0
20571,0
20582,0
20584,0
20585,0
20588,0
20589,0
20591,0
20596,0
20603,0
20608,0
20610,1
20612,0
20617,0
20619,0
20621,0
20627,0
20634,0
20643,0
20644,0
20645,0
20646,0
20653,1
20663,0
20667,0
20670,0
20671,0
20674,1
20675,0
20678,0
20692,0
20696,0
20701,0
20703,0
20715,0
20725,1
20734,0
20741,0
20749,0
20754,0
20765,0
20768,0
20769,1
20773,0
20784,0
20787,0
20790,0
20793,0
20798,1
20807,0
20809,0
20811,1
20816,0
20818,0
20820,0
20830,0
20841,0
20853,0
20858,0
20863,0
20867,0
20873,0
20876,0
20877,0
20878,0
20879,0
20881,0
20885,0
20909,0
20915,0
20930,0
20932,0
20933,1
20937,0
20940,0
20943,0
20954,0
20955,0
20961,0
20962,0
20964,0
20970,0
20974,0
20976,0
20977,0
20980,0
20981,0
21005,1
21009,0
21021,0
21031,0
21039,0
21043,0
21063,0
21075,0
21084,0
21104,0
21114,0
21117,0
21120,0
21122,0
21126,1
21129,0
21134,0
21137,0
21142,0
21159,0
21163,0
21165,0
21166,1
21169,0
21173,0
21175,0
21180,0
21181,0
21189,0
21196,0
21200,0
21205,0
21206,0
21224,0
21226,0
21234,0
21244,0
21254,0
21260,0
21261,0
21272,0
21273,0
21278,0
21282,0
21289,0
21294,0
21296,0
21301,0
21311,0
21313,0
21316,0
21326,0
21331,0
21336,0
21343,1
21351,0
21353,0
21355,0
21358,0
21361,0
21364,0
21365,0
21373,0
21385,0
21387,0
21390,0
21401,0
21416,0
21422,0
21426,0
21428,0
21432,0
21444,0
21448,0
21452,0
21453,1
21468,0
21470,0
21471,0
21473,0
21478,0
21486,1
21487,0
21493,0
21494,0
21495,0
21500,0
21501,0
21509,1
21511,0
21516,0
21519,0
21521,0
21527,0
21535,0
21539,0
21543,0
21545,0
21546,0
21549,1
21551,0
21552,0
21557,0
21560,0
21563,0
21564,1
21567,0
21569,1
21573,0
21574,1
21576,0
21586,0
21588,0
21592,0
21593,0
21607,0
21608,0
21617,0
21622,0
21626,0
21628,0
21633,0
21634,0
21637,1
21640,1
21643,0
21645,0
21665,0
21676,0
21678,0
21690,0
21700,0
21715,0
21726,0
21727,0
21728,0
21730,0
21731,0
21733,0
21737,0
21755,0
21759,0
21768,0
21772,0
21773,0
21777,0
21778,0
21779,0
21786,0
21793,0
21794,0
21798,0
21800,0
21801,1
21805,0
21808,0
21818,0
21827,0
21830,0
21834,1
21835,0
21840,0
21848,1
21853,0
21857,0
21870,0
21871,0
21875,0
21903,0
21905,0
21910,0
21919,0
21920,0
21924,0
21926,0
21928,0
21931,0
21933,0
21950,0
21952,0
21954,0
21955,0
21960,0
21963,0
21970,0
21973,1
21976,0
21977,1
21981,0
21989,0
21992,0
22003,0
22004,0
22006,0
22009,0
22010,0
22011,1
22015,0
22016,0
22032,0
22043,0
22053,0
22055,0
22056,1
22057,0
22060,0
22064,0
22070,0
22075,0
22076,0
22078,0
22084,0
22102,0
22117,0
22119,0
22127,0
22139,0
22145,0
22150,0
22162,0
22165,0
22168,0
22169,1
22174,0
22181,0
22191,0
22193,0
22196,0
22208,0
22239,0
22249,0
22251,0
22261,0
22262,0
22264,0
22272,0
22282,0
22289,1
22296,0
22298,0
22300,0
22302,0
22303,0
22304,0
22310,0
22314,0
22319,0
22332,0
22336,0
22339,0
22347,0
22351,0
22356,0
22358,0
22360,0
22361,0
22362,0
22371,0
22380,0
22387,1
22388,0
22392,0
22400,0
22401,0
22404,0
22409,0
22411,0
22413,0
22416,1
22418,0
22419,0
22420,0
22421,0
22423,0
22424,0
22425,0
22432,0
22433,0
22434,0
22437,0
22440,0
22441,0
22444,0
22448,0
22450,0
22453,0
22463,0
22464,0
22474,0
22476,0
22482,0
22484,0
22496,0
22500,0
22509,0
22517,0
22521,0
22524,0
22529,0
22535,0
22545,0
22548,0
22549,0
22551,1
22557,0
22570,0
22575,0
22582,0
22583,0
22589,0
22597,0
22602,0
22603,0
22613,0
22615,0
22616,0
22620,0
22621,1
22624,0
22626,0
22627,0
22631,0
22642,0
22648,1
22652,0
22653,0
22657,1
22659,0
22663,0
22664,0
22669,0
22670,0
22672,0
22678,0
22684,0
22688,0
22690,0
22694,0
22701,0
22703,0
22705,0
22709,0
22712,0
22713,0
22725,1
22737,0
22738,0
22739,0
22741,0
22743,0
22746,0
22747,1
22761,0
22766,0
22781,0
22786,0
22787,1
22789,1
22794,0
22795,0
22798,0
22801,0
22804,0
22805,0
22824,0
22842,0
22845,0
22852,0
22853,0
22854,0
22862,0
22866,0
22868,0
22869,0
22875,0
22878,0
22891,0
22894,0
22901,1
22910,0
22912,0
22913,0
22916,0
22919,0
22923,0
22926,0
22929,0
22932,0
22934,0
22948,0
22951,0
22959,0
22964,0
22968,0
22974,0
22978,0
22984,0
22985,0
22987,0
22994,1
22997,0
22999,0
23002,0
23004,0
23011,0
23013,0
23018,0
23020,0
23029,0
23041,0
23044,0
23050,0
23052,0
23053,0
23059,0
23062,0
23065,0
23068,0
23072,0
23074,0
23079,0
23089,0
23092,0
23093,0
23094,0
23096,0
23117,0
23129,0
23133,0
23148,0
23151,0
23155,0
23156,0
23162,0
23165,0
23172,0
23173,0
23174,0
23178,0
23186,0
23191,0
23194,0
23197,0
23198,0
23200,0
23204,0
23226,0
23231,0
23237,0
23248,0
23249,0
23253,1
23254,0
23256,0
23266,0
23276,0
23277,0
23280,0
23285,0
23286,0
23290,0
23292,0
23300,0
23304,0
23313,0
23321,0
23322,0
23323,0
23326,0
23329,0
23334,0
23348,0
23356,1
23359,0
23361,0
23365,0
23366,0
23370,0
23371,0
23378,0
23384,0
23385,0
23387,0
23388,0
23389,0
23394,0
23399,0
23409,1
23411,0
23412,0
23414,0
23416,1
23417,0
23420,0
23426,0
23430,0
23447,0
23456,0
23466,1
23471,0
23473,0
23479,0
23482,0
23483,0
23484,0
23486,0
23487,0
23497,0
23500,0
23502,0
23506,0
23509,0
23510,1
23511,0
23514,0
23523,0
23525,0
23526,0
23540,0
23545,0
23546,0
23549,0
23552,0
23555,0
23560,0
23562,0
23563,0
23564,0
23568,0
23570,0
23571,0
23575,0
23577,0
23581,0
23591,0
23597,0
23600,0
23606,0
23611,0
23617,0
23621,0
23625,0
23626,0
23630,0
23641,0
23645,0
23647,0
23649,0
23651,0
23655,0
23665,1
23670,0
23676,0
23679,0
23680,0
23689,0
23696,0
23697,0
23706,0
23711,1
23712,0
23714,0
23715,0
23716,1
23724,0
23725,0
23736,0
23737,0
23738,0
23742,0
23743,1
23746,0
23750,0
23753,0
23759,0
23763,0
23765,0
23770,0
23774,0
23777,0
23780,0
23782,0
23783,0
23789,0
23793,0
23794,0
23803,0
23804,0
23806,0
23808,0
23812,1
23815,0
23816,0
23817,0
23822,0
23834,0
23836,0
23847,0
23853,1
23855,0
23858,0
23864,1
23865,0
23871,0
23874,0
23875,1
23889,0
23894,0
23896,0
23898,0
23904,0
23907,0
23912,0
23922,0
23927,0
23929,0
23931,0
23932,0
23933,0
23937,1
23939,1
23940,0
23942,0
23945,0
23953,0
23954,0
23955,0
23959,0
23960,0
23961,0
23964,0
23972,0
23979,0
23990,0
23994,0
24001,1
24023,1
24026,1
24028,0
24029,0
24032,0
24033,0
24035,0
24036,0
24046,0
24052,0
24053,0
24059,0
24064,0
24068,0
24071,0
24072,0
24078,0
24079,0
24082,0
24088,0
24090,0
24099,0
24106,0
24108,0
24110,0
24115,0
24119,0
24124,0
24127,1
24136,0
24143,0
24148,0
24161,0
24171,0
24174,0
24175,0
24191,0
24212,0
24215,0
24217,0
24218,0
24227,0
24230,1
24234,0
24242,0
24243,0
24245,0
24252,0
24254,0
24255,0
24256,0
24260,0
24261,0
24263,0
24265,0
24273,0
24276,0
24277,0
24283,0
24286,0
24287,1
24289,0
24298,1
24301,0
24304,0
24307,0
24323,0
24324,0
24336,0
24341,0
24346,1
24351,1
24352,0
24355,0
24364,0
24365,0
24367,0
24371,0
24377,0
24382,1
24395,0
24402,0
24406,0
24417,0
24418,0
24428,0
24429,0
24441,0
24443,0
24447,0
24467,0
24472,0
24473,0
24474,0
24477,0
24485,0
24488,0
24490,0
24505,0
24508,0
24510,0
24520,0
24528,1
24533,0
24539,0
24549,0
24558,0
24559,1
24567,0
24571,1
24575,0
24579,0
24580,0
24597,0
24598,0
24604,0
24605,0
24612,0
24617,0
24619,0
24623,0
24627,0
24649,0
24651,0
24691,0
24704,0
24705,0
24716,0
24725,0
24727,0
24730,0
24735,0
24737,0
24738,0
24741,0
24750,0
24763,0
24764,0
24766,1
24771,0
24773,0
24778,0
24792,0
24803,0
24818,1
24819,0
24820,0
24821,0
24827,0
24830,0
24838,0
24843,0
24846,0
24848,0
24850,0
24859,0
24861,0
24862,0
24882,0
24886,0
24888,0
24890,0
24893,0
24912,0
24918,0
24928,0
24934,1
24936,0
24939,1
24946,0
24947,0
24949,0
24951,0
24952,0
24954,0
24958,0
24960,0
24969,1
24971,0
24973,0
24975,0
24976,0
24982,0
24984,0
24987,0
24994,0
24996,0
25001,0
25004,0
25008,0
25017,0
25032,0
25033,1
25037,0
25052,0
25054,1
25061,0
25065,0
25069,0
25076,0
25087,0
25092,0
25098,0
25099,0
25118,0
25121,0
25122,0
25123,0
25139,0
25151,0
25165,0
25170,0
25174,0
25185,0
25186,1
25189,0
25190,0
25200,0
25216,0
25217,0
25220,0
25221,0
25226,0
25228,0
25233,0
25236,0
25238,0
25250,0
25252,0
25280,0
25281,0
25286,0
25290,0
25292,0
25299,0
25300,0
25302,0
25303,0
25312,1
25315,0
25316,0
25317,1
25326,0
25330,0
25332,0
25335,0
25339,0
25343,0
25351,0
25352,0
25363,0
25365,0
25372,0
25373,0
25374,0
25381,0
25394,0
25395,0
25398,0
25403,0
25420,0
25426,0
25427,1
25432,0
25447,0
25453,0
25465,0
25471,0
25472,0
25476,0
25477,0
25478,0
25479,0
25483,0
25488,0
25494,0
25499,0
25504,0
25505,0
25511,1
25512,0
25516,0
25519,0
25520,0
25522,0
25523,0
25525,0
25526,0
25532,0
25535,0
25537,0
25538,0
25539,0
25548,0
25549,1
25550,0
25552,0
25553,0
25555,0
25557,0
25560,0
25564,0
25568,0
25575,1
25578,0
25581,1
25585,1
25593,0
25612,0
25620,0
25635,0
25644,0
25647,0
25653,0
25658,0
25659,0
25665,0
25668,0
25684,0
25698,0
25710,0
25711,0
25713,0
25716,0
25720,0
25724,0
25732,0
25735,0
25737,1
25743,0
25746,0
25757,0
25767,0
25771,0
25782,0
25783,0
25785,0
25789,0
25790,0
25794,0
25809,0
25818,0
25820,0
25822,0
25826,0
25827,0
25829,0
25834,0
25839,0
25850,0
25852,0
25860,0
25861,0
25862,0
25863,0
25870,1
25872,0
25874,0
25876,0
25877,0
25889,0
25891,0
25893,0
25897,0
25907,0
25914,0
25924,0
25927,0
25932,0
25935,0
25940,0
25945,0
25946,0
25958,0
25964,0
25972,0
25980,0
25988,0
25993,0
25995,0
25999,0
26003,0
26016,0
26018,0
26030,0
26036,0
26040,0
26043,0
26053,0
26055,0
26063,1
26070,0
26072,0
26087,0
26093,0
26095,1
26097,0
26104,0
26106,0
26117,0
26123,0
26124,0
26133,1
26135,0
26140,0
26141,0
26144,0
26145,0
26147,0
26151,1
26154,0
26156,0
26160,0
26161,0
26162,0
26171,0
26173,0
26178,0
26183,0
26189,0
26190,0
26201,0
26202,0
26207,0
26212,0
26213,0
26214,0
26216,0
26220,0
26222,0
26234,0
26236,0
26257,0
26259,0
26264,0
26268,0
26270,0
26273,0
26275,0
26285,0
26287,0
26290,0
26293,0
26294,0
26296,0
26310,0
26319,0
26322,0
26326,0
26329,0
26330,0
26331,0
26334,0
26343,0
26356,0
26357,0
26358,0
26362,0
26371,0
26374,0
26378,0
26383,0
26386,0
26387,0
26391,0
26396,0
26397,0
26400,0
26401,0
26404,0
26411,0
26414,0
26415,0
26422,0
26424,0
26432,0
26433,0
26434,0
26438,0
26439,0
26440,0
26480,0
26492,0
26508,0
26512,1
26517,0
26524,0
26527,0
26531,1
26532,0
26535,0
26538,0
26554,0
26558,0
26559,0
26560,0
26562,0
26570,0
26573,0
26579,0
26585,0
26586,0
26588,0
26589,1
26590,0
26612,0
26613,0
26614,0
26615,1
26616,0
26617,0
26631,0
26632,0
26633,0
26635,0
26642,0
26647,0
26651,0
26653,0
26654,0
26656,0
26658,0
26661,0
26662,0
26666,0
26679,0
26685,0
26686,1
26688,0
26697,0
26698,0
26699,0
26700,0
26706,0
26707,1
26708,0
26709,0
26710,0
26716,0
26723,0
26724,0
26725,0
26727,0
26728,0
26733,0
26735,0
26737,0
26738,0
26746,0
26752,0
26760,0
26765,1
26775,1
26789,0
26791,0
26793,0
26800,0
26802,1
26807,0
26812,0
26814,0
26816,0
26825,0
26826,0
26830,0
26839,0
26847,0
26849,0
26852,0
26853,0
26855,0
26856,0
26871,1
26886,0
26901,0
26905,0
26906,0
26907,0
26909,0
26912,0
26917,1
26921,0
26929,0
26941,0
26953,0
26957,0
26958,0
26959,0
26963,0
26967,0
26968,0
26976,0
26977,0
26978,0
26985,0
26988,0
26999,0
27012,0
27018,0
27026,0
27038,0
27040,0
27041,0
27043,0
27051,0
27056,0
27058,0
27059,0
27062,0
27068,0
27081,0
27083,1
27084,0
27085,0
27092,1
27093,0
27101,0
27104,0
27112,0
27114,0
27118,0
27119,0
27122,0
27123,1
27129,0
27131,0
27133,0
27140,1
27145,0
27170,0
27174,0
27189,0
27193,1
27196,1
27198,0
27203,0
27204,0
27208,0
27209,0
27211,0
27230,0
27234,0
27237,0
27249,0
27250,0
27252,0
27259,0
27267,0
27270,0
27286,0
27291,0
27294,0
27297,0
27298,0
27301,0
27306,0
27307,0
27308,0
27312,0
27314,0
27315,0
27321,0
27333,0
27338,0
27343,0
27345,0
27346,0
27351,0
27354,1
27356,0
27377,0
27385,1
27393,0
27395,0
27396,0
27397,0
27399,0
27405,0
27415,0
27418,0
27421,0
27425,0
27426,0
27430,0
27433,0
27434,0
27437,0
27447,0
27451,0
27456,0
27458,0
27465,0
27470,1
27473,0
27480,0
27481,0
27489,0
27491,0
27496,0
27503,0
27505,0
27510,0
27512,0
27513,0
27515,0
27524,0
27530,0
27531,0
27533,0
27535,0
27537,1
27540,0
27548,0
27549,0
27556,0
27570,0
27571,0
27574,0
27576,0
27582,1
27583,0
27592,0
27594,0
27595,0
27596,0
27598,0
27605,0
27608,0
27614,0
27626,0
27633,0
27634,0
27636,0
27638,0
27641,0
27644,0
27652,0
27656,0
27663,0
27664,0
27677,0
27682,0
27688,0
27692,0
27694,0
27697,0
27698,0
27701,0
27706,0
27709,0
27711,0
27712,0
27713,0
27717,0
27723,0
27729,0
27733,0
27735,0
27737,1
27752,0
27753,0
27760,0
27764,0
27766,0
27768,0
27771,0
27776,0
27778,0
27779,0
27789,0
27791,1
27798,0
27799,0
27805,0
27811,0
27813,0
27817,0
27818,0
27820,0
27826,0
27828,0
27838,0
27843,0
27846,1
27847,0
27849,0
27853,1
27857,0
27858,1
27859,1
27861,0
27869,0
27871,0
27876,0
27878,0
27880,0
27883,0
27887,0
27889,0
27891,0
27894,0
27898,0
27902,0
27917,0
27918,0
27925,0
27929,0
27931,0
27933,0
27936,0
27946,0
27950,0
27953,0
27955,0
27962,0
27966,0
27969,0
27974,0
27992,0
28000,0
28003,0
28004,0
28005,0
28007,0
28011,0
28012,0
28017,0
28021,1
28022,0
28023,0
28025,0
28028,0
28036,0
28042,0
28048,0
28049,0
28051,0
28060,0
28064,0
28072,0
28075,0
28078,0
28081,0
28091,0
28095,0
28109,1
28110,0
28111,0
28123,0
28124,0
28142,0
28146,0
28154,0
28158,0
28166,0
28174,0
28175,0
28179,0
28185,0
28198,0
28203,0
28211,0
28212,0
28218,0
28220,0
28222,0
28228,0
28240,0
28251,0
28252,0
28254,0
28261,0
28263,0
28271,0
28274,0
28290,0
28296,0
28300,0
28311,0
28313,0
28320,0
28321,0
28323,0
28325,0
28326,0
28328,0
28332,0
28363,0
28368,0
28370,0
28374,0
28375,0
28376,0
28386,0
28389,0
28392,0
28400,0
28404,0
28407,0
28408,0
28410,0
28417,0
28420,0
28424,0
28427,0
28435,0
28441,0
28445,0
28447,0
28448,0
28452,0
28456,0
28457,0
28461,0
28462,0
28465,0
28472,0
28474,0
28476,0
28484,0
28492,0
28493,0
28494,0
28500,0
28503,0
28508,0
28509,0
28520,0
28521,0
28530,0
28532,1
28538,1
28539,0
28548,0
28552,0
28556,0
28566,0
28567,0
28576,0
28582,1
28588,0
28594,0
28596,0
28599,0
28603,0
28605,0
28606,0
28611,0
28620,0
28622,0
28625,1
28629,0
28639,0
28644,0
28649,0
28652,0
28662,0
28665,0
28666,0
28667,0
28674,0
28687,0
28691,0
28692,0
28694,0
28697,0
28699,0
28700,0
28703,0
28704,0
28708,0
28709,0
28711,0
28713,0
28715,0
28716,0
28717,0
28723,0
28724,0
28726,0
28727,0
28733,0
28737,0
28738,0
28741,0
28744,0
28747,0
28759,0
28762,0
28788,0
28789,0
28800,0
28804,0
28805,0
28806,0
28823,0
28835,0
28840,0
28855,0
28862,0
28864,0
28874,0
28875,0
28880,1
28885,0
28893,0
28896,0
28897,0
28898,0
28899,0
28902,0
28904,0
28912,0
28921,0
28930,0
28931,0
28934,0
28937,0
28941,0
28943,0
28944,0
28946,0
28955,0
28958,0
28959,1
28971,0
28974,0
28980,1
28988,0
28991,0
28994,0
28997,0
29003,0
29007,0
29008,0
29013,0
29019,0
29025,0
29034,0
29046,0
29055,0
29062,0
29066,0
29071,0
29075,0
29082,0
29085,0
29086,0
29087,0
29091,0
29096,0
29097,0
29101,0
29102,0
29103,0
29113,0
29116,1
29118,0
29121,0
29125,0
29127,0
29128,0
29132,0
29138,0
29140,0
29142,0
29144,0
29145,0
29148,0
29154,0
29157,0
29161,1
29163,0
29165,0
29168,0
29169,0
29170,0
29175,0
29192,0
29194,0
29195,0
29203,0
29205,0
29207,0
29223,0
29224,0
29231,0
29234,0
29236,0
29239,0
29241,0
29251,0
29252,0
29255,0
29258,0
29259,0
29260,0
29263,0
29275,0
29283,0
29285,0
29292,0
29300,0
29301,1
29306,0
29310,0
29311,0
29312,0
29314,0
29319,0
29321,0
29322,0
29331,0
29335,0
29351,0
29356,0
29362,0
29376,0
29377,0
29385,0
29392,0
29398,0
29399,0
29401,0
29408,0
29420,0
29447,0
29450,0
29457,0
29459,0
29460,0
29463,0
29464,0
29467,1
29468,0
29471,0
29474,0
29477,0
29488,0
29490,0
29492,0
29493,0
29506,0
29514,0
29520,0
29532,0
29533,0
29536,0
29537,0
29544,0
29545,0
29548,0
29549,0
29562,0
29565,0
29569,0
29577,0
29583,0
29589,0
29592,0
29604,1
29607,0
29608,0
29620,0
29624,0
29626,0
29634,0
29636,0
29639,0
29642,0
29643,1
29645,0
29655,0
29656,0
29668,1
29671,1
29672,0
29677,0
29681,0
29684,0
29689,1
29691,0
29698,0
29706,0
29718,0
29724,1
29735,0
29756,0
29759,0
29760,0
29762,0
29764,0
29765,0
29772,0
29773,0
29779,0
29785,0
29786,0
29795,0
29797,0
29803,0
29806,0
29818,1
29823,0
29825,1
29827,0
29830,0
29835,0
29842,0
29846,0
29847,0
29850,0
29853,0
29862,0
29867,1
29872,0
29877,0
29879,0
29881,0
29898,0
29899,0
29905,0
29909,0
29911,0
29912,0
29913,0
29914,0
29925,0
29927,1
29928,0
29929,0
29932,0
29937,0
29941,0
29942,0
29945,1
29956,0
29958,0
29964,0
29965,0
29971,0
29972,0
29973,0
29974,0
29976,0
29977,1
29979,0
29988,0
29997,0
29999,0
